{
  "2025": {
    "cases": [
      {
        "letter": "A",
        "th": {
          "name": "Ford Performance Supervan 4",
          "image": "images\\HW8084th.jpg"
        },
        "sth": {
          "name": "'87 Audi quattro",
          "image": "images\\HW7226th.jpg"
        },
        "cars": [
          {
            "name": "Batman and Robin Batmobile",
            "image": "images\\HW8893th.jpg"
          },
          {
            "name": "Monster High Ghoul Mobile",
            "image": "images\\HW8097th.jpg"
          },
          {
            "name": "Nissan Skyline GT-R BNR32",
            "image": "images\\HW8099th.jpg"
          },
          {
            "name": "Purple Passion",
            "image": "images\\HW8086th.jpg"
          },
          {
            "name": "Kowloon'd Hypervan",
            "image": "images\\HW9104th.jpg"
          },
          {
            "name": "Small Bloc",
            "image": "images\\HW8110th.jpg"
          },
          {
            "name": "Mazda Autozam",
            "image": "images\\HW8091th.jpg"
          },
          {
            "name": "Telsa Model S Plaid",
            "image": "images\\HW8089th.jpg"
          },
          {
            "name": "Deora III",
            "image": "images\\HW9102th.jpg"
          },
          {
            "name": "KEI Swap",
            "image": "images\\HW8096th.jpg"
          },
          {
            "name": "Custom '53 Chevy",
            "image": "images\\HW8100th.jpg"
          },
          {
            "name": "Nerve Hammer",
            "image": "images\\HW9105th.jpg"
          },
          {
            "name": "Draftnator",
            "image": "images\\HW9106th.jpg"
          },
          {
            "name": "Morgan Super 3",
            "image": "images\\HW8092th.jpg"
          },
          {
            "name": "'87 AUDI Quattro",
            "image": "images\\HW8094th.jpg"
          },
          {
            "name": "'87 Audi quattro",
            "image": "images\\HW7226th.jpg"
          },
          {
            "name": "Ford Performance Supervan 4",
            "image": "images\\HW8084th.jpg"
          },
          {
            "name": "Alpha Pursuit",
            "image": "images\\HW9107th.jpg"
          },
          {
            "name": "Super Twin Mill",
            "image": "images\\HW8087th.jpg"
          },
          {
            "name": "'21 Ford Bronco",
            "image": "images\\HW8095th.jpg"
          },
          {
            "name": "'67 Chevy C10",
            "image": "images\\HW8101th.jpg"
          },
          {
            "name": "Bogzilla",
            "image": "images\\HW9103th.jpg"
          },
          {
            "name": "Kick Kart",
            "image": "images\\HW9101th.jpg"
          },
          {
            "name": "Custom Cadillac Fleetwood",
            "image": "images\\HW8090th.jpg"
          },
          {
            "name": "Max Steel",
            "image": "images\\HW8088th.jpg"
          },
          {
            "name": "Nissan Skyline 2000GT-R LBWK",
            "image": "images\\HW8093th.jpg"
          },
          {
            "name": "'90 Honda Civic EF",
            "image": "images\\HW8085th.jpg"
          }
        ]
      },
      {
        "letter": "B",
        "th": {
          "name": "Fish'd & Chip'd",
          "image": "images\\HW8108th.jpg"
        },
        "sth": {
          "name": "Hirohata Merc",
          "image": "images\\HW7477th.jpg"
        },
        "cars": [
          {
            "name": "Mazda MX-5 Miata",
            "image": "images\\HW8098th.jpg"
          },
          {
            "name": "Mazda Autozam",
            "image": "images\\HW8052th.jpg"
          },
          {
            "name": "Custom '53 Chevy",
            "image": "images\\HW8051th.jpg"
          },
          {
            "name": "Twin Mill GEN-E",
            "image": "images\\HW8280th.jpg"
          },
          {
            "name": "'94 Audi Avant RS2",
            "image": "images\\HW8135th.jpg"
          },
          {
            "name": "Standard Kart",
            "image": "images\\HW8156th.jpg"
          },
          {
            "name": "X-34 Landspeeder",
            "image": "images\\HW8151th.jpg"
          },
          {
            "name": "Fish'd & Chip'd",
            "image": "images\\HW8108th.jpg"
          },
          {
            "name": "Fiat 500e",
            "image": "images\\HW8154th.jpg"
          },
          {
            "name": "Ford Mustang GTD",
            "image": "images\\HW8134th.jpg"
          },
          {
            "name": "The Vanster",
            "image": "images\\HW9108th.jpg"
          },
          {
            "name": "DMC Delorean",
            "image": "images\\HW8153th.jpg"
          },
          {
            "name": "Crescendo",
            "image": "images\\HW9109th.jpg"
          },
          {
            "name": "Proton Saga",
            "image": "images\\HW8155th.jpg"
          },
          {
            "name": "2020 Ram 1500 Rebel",
            "image": "images\\HW8159th.jpg"
          },
          {
            "name": "Donut Drifter",
            "image": "images\\HW9110th.jpg"
          },
          {
            "name": "Lamborghini Huracan Sterrato",
            "image": "images\\HW8162th.jpg"
          },
          {
            "name": "Haulerback",
            "image": "images\\HW8905th.jpg"
          },
          {
            "name": "'80 El Camino",
            "image": "images\\HW8152th.jpg"
          },
          {
            "name": "1988 Jeep Wagoneer",
            "image": "images\\HW8161th.jpg"
          },
          {
            "name": "'55 Chevy",
            "image": "images\\HW8158th.jpg"
          },
          {
            "name": "Hirohata Merc",
            "image": "images\\HW8106th.jpg"
          },
          {
            "name": "Hirohata Merc",
            "image": "images\\HW7477th.jpg"
          },
          {
            "name": "Mazda Repu",
            "image": "images\\HW8157th.jpg"
          },
          {
            "name": "Subaru BRZ",
            "image": "images\\HW8136th.jpg"
          },
          {
            "name": "'22 Ford Maverick Custom",
            "image": "images\\HW8160th.jpg"
          },
          {
            "name": "'66 Buick Riviera",
            "image": "images\\HW8133th.jpg"
          }
        ]
      },
      {
        "letter": "C",
        "th": {
          "name": "Mailed It!",
          "image": "images\\HW8288th.jpg"
        },
        "sth": {
          "name": "Hi-Roller ll",
          "image": "images\\HW7521th.jpg"
        },
        "cars": [
          {
            "name": "Small Bloc",
            "image": "images\\HW8148th.jpg"
          },
          {
            "name": "Draftnator",
            "image": "images\\HW8145th.jpg"
          },
          {
            "name": "Morgan Super 3",
            "image": "images\\HW8575th.jpg"
          },
          {
            "name": "'21 Ford Bronco",
            "image": "images\\HW8146th.jpg"
          },
          {
            "name": "Custom Cadillac Fleetwood",
            "image": "images\\HW8050th.jpg"
          },
          {
            "name": "Nissan Skyline 2000GT-R LBWK",
            "image": "images\\HW8144th.jpg"
          },
          {
            "name": "'90 Honda Civic EF",
            "image": "images\\HW8049th.jpg"
          },
          {
            "name": "'69 Corvette Racer",
            "image": "images\\HW8290th.jpg"
          },
          {
            "name": "Mercedes-Benz 500 E",
            "image": "images\\HW8124th.jpg"
          },
          {
            "name": "'70 Chevy Camaro RS",
            "image": "images\\HW8295th.jpg"
          },
          {
            "name": "Batman: Arkham Asylum Batmobile",
            "image": "images\\HW9115th.jpg"
          },
          {
            "name": "Humvee",
            "image": "images\\HW8297th.jpg"
          },
          {
            "name": "'70 Dodge Power Wagon",
            "image": "images\\HW8291th.jpg"
          },
          {
            "name": "Mailed It!",
            "image": "images\\HW8288th.jpg"
          },
          {
            "name": "Maserati Shamal",
            "image": "images\\HW8122th.jpg"
          },
          {
            "name": "Oracle Red Bull Racing Formula 1",
            "image": "images\\HW8285th.jpg"
          },
          {
            "name": "Supercharged",
            "image": "images\\HW8289th.jpg"
          },
          {
            "name": "Hi-Roller ll",
            "image": "images\\HW8107th.jpg"
          },
          {
            "name": "Hi-Roller ll",
            "image": "images\\HW7521th.jpg"
          },
          {
            "name": "Monteracer",
            "image": "images\\HW9116th.jpg"
          },
          {
            "name": "Arrow Dynamic",
            "image": "images\\HW9114th.jpg"
          },
          {
            "name": "El Viento",
            "image": "images\\HW9111th.jpg"
          },
          {
            "name": "Street Shrieker",
            "image": "images\\HW9113th.jpg"
          },
          {
            "name": "Rodger Dodger",
            "image": "images\\HW8292th.jpg"
          },
          {
            "name": "Hi-Roller",
            "image": "images\\HW8284th.jpg"
          },
          {
            "name": "HW50 Concept",
            "image": "images\\HW8296th.jpg"
          },
          {
            "name": "Punk Rod",
            "image": "images\\HW9112th.jpg"
          },
          {
            "name": "CUPRA e-RACER",
            "image": "images\\HW8281th.jpg"
          },
          {
            "name": "2020 Ford Mustang Shelby GT500",
            "image": "images\\HW8286th.jpg"
          },
          {
            "name": "Porsche 911 GT3",
            "image": "images\\HW8283th.jpg"
          },
          {
            "name": "Jaguar MK1",
            "image": "images\\HW8123th.jpg"
          },
          {
            "name": "Gotta Go",
            "image": "images\\HW8282th.jpg"
          },
          {
            "name": "Street Weiner",
            "image": "images\\HW8287th.jpg"
          }
        ]
      },
      {
        "letter": "D",
        "th": {
          "name": "Pedal Driver",
          "image": "images\\HW8364th.jpg"
        },
        "sth": {
          "name": "1975 Datsun Sunny Truck B120",
          "image": "images\\HW8109th.jpg"
        },
        "cars": [
          {
            "name": "'74 Brazilian Dodge Charger",
            "image": "images\\HW8372th.jpg"
          },
          {
            "name": "'71 Lamborghini Miura SV",
            "image": "images\\HW8129th.jpg"
          },
          {
            "name": "Toyota GR86 Cup",
            "image": "images\\HW8128th.jpg"
          },
          {
            "name": "'15 Mazda MX-5 Miata",
            "image": "images\\HW8363th.jpg"
          },
          {
            "name": "Chevy Blazer 4x4",
            "image": "images\\HW8369th.jpg"
          },
          {
            "name": "Tesla Cyberquad",
            "image": "images\\HW8125th.jpg"
          },
          {
            "name": "K. I. T. T.",
            "image": "images\\HW8365th.jpg"
          },
          {
            "name": "Silverado EV RST",
            "image": "images\\HW8368th.jpg"
          },
          {
            "name": "'70 Plymouth Superbird",
            "image": "images\\HW8360th.jpg"
          },
          {
            "name": "Ain't Fare",
            "image": "images\\HW8370th.jpg"
          },
          {
            "name": "Stockar",
            "image": "images\\HW8505th.jpg"
          },
          {
            "name": "Gordan Murry Automotive T33",
            "image": "images\\HW8126th.jpg"
          },
          {
            "name": "Cruise Bruiser",
            "image": "images\\HW8361th.jpg"
          },
          {
            "name": "Dune it Up",
            "image": "images\\HW8502th.jpg"
          },
          {
            "name": "1975 Datsun Sunny Truck B120",
            "image": "images\\HW8150th.jpg"
          },
          {
            "name": "1975 Datsun Sunny Truck B120",
            "image": "images\\HW8109th.jpg"
          },
          {
            "name": "'99 Ford F-150 SVT Lightning",
            "image": "images\\HW8371th.jpg"
          },
          {
            "name": "Pedal Driver",
            "image": "images\\HW8364th.jpg"
          },
          {
            "name": "'23 Ram 1500",
            "image": "images\\HW8367th.jpg"
          },
          {
            "name": "Mid Mill",
            "image": "images\\HW8366th.jpg"
          },
          {
            "name": "Hako Type D",
            "image": "images\\HW8127th.jpg"
          },
          {
            "name": "Cadillac Project GTP Hypercar",
            "image": "images\\HW8362th.jpg"
          },
          {
            "name": "Porsche 904 Carrera GTS",
            "image": "images\\HW8143th.jpg"
          },
          {
            "name": "'76 Chevy Chevette",
            "image": "images\\HW8359th.jpg"
          },
          {
            "name": "Later Crater",
            "image": "images\\HW8501th.jpg"
          }
        ]
      },
      {
        "letter": "E",
        "th": {
          "name": "Rig Storm",
          "image": "images\\HW8482th.jpg"
        },
        "sth": {
          "name": "Aston Martin DB4GT High-Speed Edition",
          "image": "images\\HW8293th.jpg"
        },
        "cars": [
          {
            "name": "Mazda Autozam",
            "image": "images\\HW8483th.jpg"
          },
          {
            "name": "Telsa Model S Plaid",
            "image": "images\\HW8481th.jpg"
          },
          {
            "name": "'21 Ford Bronco",
            "image": "images\\HW8507th.jpg"
          },
          {
            "name": "Max Steel",
            "image": "images\\HW8480th.jpg"
          },
          {
            "name": "1988 Jeep Wagoneer",
            "image": "images\\HW8147th.jpg"
          },
          {
            "name": "Subaru BRZ",
            "image": "images\\HW8579th.jpg"
          },
          {
            "name": "Williams Racing - Formula 1",
            "image": "images\\HW8485th.jpg"
          },
          {
            "name": "Chevy Super Volt",
            "image": "images\\HW8508th.jpg"
          },
          {
            "name": "TV Series Batmobile",
            "image": "images\\HW8484th.jpg"
          },
          {
            "name": "RD-06",
            "image": "images\\HW8500th.jpg"
          },
          {
            "name": "Sushi Tuner",
            "image": "images\\HW8497th.jpg"
          },
          {
            "name": "Aston Martin DB4GT High-Speed Edition",
            "image": "images\\HW8294th.jpg"
          },
          {
            "name": "Aston Martin DB4GT High-Speed Edition",
            "image": "images\\HW8293th.jpg"
          },
          {
            "name": "Slide-Burn",
            "image": "images\\HW8130th.jpg"
          },
          {
            "name": "Power Rocket",
            "image": "images\\HW8504th.jpg"
          },
          {
            "name": "Rig Storm",
            "image": "images\\HW8482th.jpg"
          },
          {
            "name": "'58 Chevy Impala",
            "image": "images\\HW8506th.jpg"
          },
          {
            "name": "Ford Escort",
            "image": "images\\HW8487th.jpg"
          },
          {
            "name": "Drift-Ender",
            "image": "images\\HW8137th.jpg"
          },
          {
            "name": "Slide Kick",
            "image": "images\\HW8499th.jpg"
          },
          {
            "name": "Flippin Fast",
            "image": "images\\HW8496th.jpg"
          },
          {
            "name": "Skull Shaker",
            "image": "images\\HW8498th.jpg"
          },
          {
            "name": "'91 GMC Syclone",
            "image": "images\\HW8479th.jpg"
          },
          {
            "name": "'67 Ford Mustang Coupe",
            "image": "images\\HW8486th.jpg"
          },
          {
            "name": "Range Rover Velar",
            "image": "images\\HW8489th.jpg"
          },
          {
            "name": "2018 Honda Civic Type R",
            "image": "images\\HW8139th.jpg"
          },
          {
            "name": "Futurismo",
            "image": "images\\HW8503th.jpg"
          },
          {
            "name": "2020 Koenigsegg Jesko",
            "image": "images\\HW8138th.jpg"
          },
          {
            "name": "Long Bloc",
            "image": "images\\HW8131th.jpg"
          }
        ]
      },
      {
        "letter": "F",
        "th": {
          "name": "'85 Honda City Turbo II",
          "image": "images\\HW8488th.jpg"
        },
        "sth": {
          "name": "'20 Jeep Gladiator",
          "image": "images\\HW8490th.jpg"
        },
        "cars": [
          {
            "name": "Deora III",
            "image": "images\\HW8604th.jpg"
          },
          {
            "name": "Morgan Super 3",
            "image": "images\\HW8596th.jpg"
          },
          {
            "name": "Alpha Pursuit",
            "image": "images\\HW8590th.jpg"
          },
          {
            "name": "'67 Chevy C10",
            "image": "images\\HW8513th.jpg"
          },
          {
            "name": "Power Wheels Dune Racer",
            "image": "images\\HW8599th.jpg"
          },
          {
            "name": "Nissan Skyline 2000GT-R LBWK",
            "image": "images\\HW8602th.jpg"
          },
          {
            "name": "'94 Audi Avant RS2",
            "image": "images\\HW8601th.jpg"
          },
          {
            "name": "2020 Ram 1500 Rebel",
            "image": "images\\HW8577th.jpg"
          },
          {
            "name": "Mercedes-Benz 500 E",
            "image": "images\\HW8578th.jpg"
          },
          {
            "name": "2020 Ford Mustang Shelby GT500",
            "image": "images\\HW8576th.jpg"
          },
          {
            "name": "BMW 2002",
            "image": "images\\HW8593th.jpg"
          },
          {
            "name": "Optimus Prime",
            "image": "images\\HW8594th.jpg"
          },
          {
            "name": "'75 Chevy Blazer Custom",
            "image": "images\\HW8598th.jpg"
          },
          {
            "name": "Custom Kia EV6",
            "image": "images\\HW8141th.jpg"
          },
          {
            "name": "'92 Ford Mustang",
            "image": "images\\HW8515th.jpg"
          },
          {
            "name": "'68 Dodge Dart",
            "image": "images\\HW8516th.jpg"
          },
          {
            "name": "'20 Jeep Gladiator",
            "image": "images\\HW8494th.jpg"
          },
          {
            "name": "'20 Jeep Gladiator",
            "image": "images\\HW8490th.jpg"
          },
          {
            "name": "'71 Dodge Challenger",
            "image": "images\\HW8512th.jpg"
          },
          {
            "name": "Snoopy",
            "image": "images\\HW8678th.jpg"
          },
          {
            "name": "Monster Dairy Delivery",
            "image": "images\\HW8600th.jpg"
          },
          {
            "name": "'68 Corvette - Gas Monkey Garage",
            "image": "images\\HW8325th.jpg"
          },
          {
            "name": "Salt Shaker",
            "image": "images\\HW8592th.jpg"
          },
          {
            "name": "Rapid Pulse",
            "image": "images\\HW8603th.jpg"
          },
          {
            "name": "Pixel Shaker",
            "image": "images\\HW8595th.jpg"
          },
          {
            "name": "Custom '53 Cadillac",
            "image": "images\\HW8511th.jpg"
          },
          {
            "name": "'85 Honda City Turbo II",
            "image": "images\\HW8488th.jpg"
          },
          {
            "name": "Rodger Dodger 2.0",
            "image": "images\\HW8591th.jpg"
          },
          {
            "name": "Hoto Roto",
            "image": "images\\HW8514th.jpg"
          }
        ]
      },
      {
        "letter": "G",
        "th": {
          "name": "Birthday Burner",
          "image": "images\\HW8687th.jpg"
        },
        "sth": {
          "name": "Porsche 911 Rallye",
          "image": "images\\HW8493th.jpg"
        },
        "cars": [
          {
            "name": "Mazda MX-5 Miata",
            "image": "images\\HW8692th.jpg"
          },
          {
            "name": "Monster High Ghoul Mobile",
            "image": "images\\HW8677th.jpg"
          },
          {
            "name": "Purple Passion",
            "image": "images\\HW8694th.jpg"
          },
          {
            "name": "Small Bloc",
            "image": "images\\HW8695th.jpg"
          },
          {
            "name": "DMC Delorean",
            "image": "images\\HW8697th.jpg"
          },
          {
            "name": "Datsun 240Z",
            "image": "images\\HW8675th.jpg"
          },
          {
            "name": "'31 Ford Model A Custom",
            "image": "images\\HW8140th.jpg"
          },
          {
            "name": "McLaren W1",
            "image": "images\\HW8676th.jpg"
          },
          {
            "name": "Birthday Burner",
            "image": "images\\HW8687th.jpg"
          },
          {
            "name": "Nissan Skyline GT-R BCNR33",
            "image": "images\\HW8680th.jpg"
          },
          {
            "name": "Batmobile",
            "image": "images\\HW8689th.jpg"
          },
          {
            "name": "Minecart",
            "image": "images\\HW8681th.jpg"
          },
          {
            "name": "Chevy El Camino",
            "image": "images\\HW8374th.jpg"
          },
          {
            "name": "Quick Bite",
            "image": "images\\HW8690th.jpg"
          },
          {
            "name": "Honda CB750 Cafe",
            "image": "images\\HW8685th.jpg"
          },
          {
            "name": "Buns of Steel",
            "image": "images\\HW8710th.jpg"
          },
          {
            "name": "Porsche 911 Rallye",
            "image": "images\\HW8696th.jpg"
          },
          {
            "name": "Porsche 911 Rallye",
            "image": "images\\HW8493th.jpg"
          },
          {
            "name": "Big-Air Bel-Air",
            "image": "images\\HW8693th.jpg"
          },
          {
            "name": "HW Ultimate T-rex Transporter",
            "image": "images\\HW8683th.jpg"
          },
          {
            "name": "'83 Chevy Silverado",
            "image": "images\\HW8679th.jpg"
          },
          {
            "name": "Crate Racer",
            "image": "images\\HW8682th.jpg"
          },
          {
            "name": "'67 Shelby GT500",
            "image": "images\\HW8691th.jpg"
          },
          {
            "name": "2018 Bentley Continental GT3",
            "image": "images\\HW8688th.jpg"
          },
          {
            "name": "'69 Mercury Cyclone",
            "image": "images\\HW8686th.jpg"
          },
          {
            "name": "Amaru GTC",
            "image": "images\\HW8684th.jpg"
          }
        ]
      },
      {
        "letter": "H",
        "th": {
          "name": "Chill Mill",
          "image": "images\\HW8711th.jpg"
        },
        "sth": {
          "name": "'71 Mustang Funny Car",
          "image": "images\\HW8492th.jpg"
        },
        "cars": [
          {
            "name": "Batman and Robin Batmobile",
            "image": "images\\HW8892th.jpg"
          },
          {
            "name": "Nerve Hammer",
            "image": "images\\HW8880th.jpg"
          },
          {
            "name": "Draftnator",
            "image": "images\\HW8891th.jpg"
          },
          {
            "name": "The Vanster",
            "image": "images\\HW8896th.jpg"
          },
          {
            "name": "Haulerback",
            "image": "images\\HW8881th.jpg"
          },
          {
            "name": "'55 Chevy",
            "image": "images\\HW8581th.jpg"
          },
          {
            "name": "Supercharged",
            "image": "images\\HW8887th.jpg"
          },
          {
            "name": "El Viento",
            "image": "images\\HW8889th.jpg"
          },
          {
            "name": "Draggin' Wagon",
            "image": "images\\HW8886th.jpg"
          },
          {
            "name": "HW50 Concept",
            "image": "images\\HW8897th.jpg"
          },
          {
            "name": "Punk Rod",
            "image": "images\\HW8901th.jpg"
          },
          {
            "name": "CUPRA e-RACER",
            "image": "images\\HW8900th.jpg"
          },
          {
            "name": "BMW 2002",
            "image": "images\\HW8708th.jpg"
          },
          {
            "name": "Cone Shaker",
            "image": "images\\HW8884th.jpg"
          },
          {
            "name": "'19 Chevy Silverado Trail Boss LT",
            "image": "images\\HW8902th.jpg"
          },
          {
            "name": "Ford GT",
            "image": "images\\HW8898th.jpg"
          },
          {
            "name": "'95 Mazda RX-7 Drift",
            "image": "images\\HW8899th.jpg"
          },
          {
            "name": "'70 Dodge Hemi Challenger",
            "image": "images\\HW8879th.jpg"
          },
          {
            "name": "Disney Steamboat",
            "image": "images\\HW8882th.jpg"
          },
          {
            "name": "Mattel Dream Moblie",
            "image": "images\\HW8883th.jpg"
          },
          {
            "name": "'67 Austin Mini Van",
            "image": "images\\HW8890th.jpg"
          },
          {
            "name": "Madfast",
            "image": "images\\HW8903th.jpg"
          },
          {
            "name": "1978 Dodge LI'L Red Express Truck",
            "image": "images\\HW8895th.jpg"
          },
          {
            "name": "'71 Mustang Funny Car",
            "image": "images\\HW8698th.jpg"
          },
          {
            "name": "'71 Mustang Funny Car",
            "image": "images\\HW8492th.jpg"
          },
          {
            "name": "'96 Dodge Viper GTS",
            "image": "images\\HW8888th.jpg"
          },
          {
            "name": "Chill Mill",
            "image": "images\\HW8711th.jpg"
          },
          {
            "name": "BMW 635 CSi",
            "image": "images\\HW8885th.jpg"
          },
          {
            "name": "Decidedly Go",
            "image": "images\\HW8894th.jpg"
          }
        ]
      },
      {
        "letter": "J",
        "th": {
          "name": "Nissan Leaf Nismo RC 02",
          "image": "images\\HW8713th.jpg"
        },
        "sth": {
          "name": "'62 Corvette Gasser",
          "image": "images\\HW8194th.jpg"
        },
        "cars": [
          {
            "name": "Kowloon'd Hypervan",
            "image": "images\\HW9007th.jpg"
          },
          {
            "name": "Lamborghini Huracan Sterrato",
            "image": "images\\HW9051th.jpg"
          },
          {
            "name": "Maserati Shamal",
            "image": "images\\HW8998th.jpg"
          },
          {
            "name": "Mercedes-AMG Petronas Formula One Team",
            "image": "images\\HW9006th.jpg"
          },
          {
            "name": "Datsun 240Z",
            "image": "images\\HW9052th.jpg"
          },
          {
            "name": "Hi-Roller",
            "image": "images\\HW8985th.jpg"
          },
          {
            "name": "'71 Lamborghini Miura SV",
            "image": "images\\HW8994th.jpg"
          },
          {
            "name": "Toyota GR86 Cup",
            "image": "images\\HW8989th.jpg"
          },
          {
            "name": "Cruise Bruiser",
            "image": "images\\HW8984th.jpg"
          },
          {
            "name": "Mid Mill",
            "image": "images\\HW8986th.jpg"
          },
          {
            "name": "Hako Type D",
            "image": "images\\HW8991th.jpg"
          },
          {
            "name": "'68 Corvette - Gas Monkey Garage",
            "image": "images\\HW8580th.jpg"
          },
          {
            "name": "Nissan Leaf Nismo RC 02",
            "image": "images\\HW8713th.jpg"
          },
          {
            "name": "Renault ESPACE F1",
            "image": "images\\HW8997th.jpg"
          },
          {
            "name": "Vespa 90 SS Super Sprint 1966",
            "image": "images\\HW8996th.jpg"
          },
          {
            "name": "'17 Ford F-150 Raptor",
            "image": "images\\HW9000th.jpg"
          },
          {
            "name": "'15 Land Rover Defender Double Cab",
            "image": "images\\HW8988th.jpg"
          },
          {
            "name": "Honda Motocompo",
            "image": "images\\HW8990th.jpg"
          },
          {
            "name": "'62 Corvette Gasser",
            "image": "images\\HW8491th.jpg"
          },
          {
            "name": "'62 Corvette Gasser",
            "image": "images\\HW8194th.jpg"
          },
          {
            "name": "Drift'N Break",
            "image": "images\\HW8995th.jpg"
          },
          {
            "name": "Track Dwagon",
            "image": "images\\HW9005th.jpg"
          },
          {
            "name": "'89 Mercedes-Benz 560 SEC AMG",
            "image": "images\\HW9002th.jpg"
          },
          {
            "name": "Porsche 911 Carrera Clip",
            "image": "images\\HW8992th.jpg"
          },
          {
            "name": "'67 Mustang",
            "image": "images\\HW9008th.jpg"
          },
          {
            "name": "Gordon Murray Automotive T50s",
            "image": "images\\HW9001th.jpg"
          },
          {
            "name": "Ferrari SF90 Stradale",
            "image": "images\\HW8987th.jpg"
          },
          {
            "name": "Czinger 21C",
            "image": "images\\HW9003th.jpg"
          },
          {
            "name": "'68 Lotus TYPE 49",
            "image": "images\\HW9004th.jpg"
          },
          {
            "name": "Hot Wheengs",
            "image": "images\\HW8999th.jpg"
          }
        ]
      },
      {
        "letter": "K",
        "th": {
          "name": "Chevroletor",
          "image": "images\\HW8712th.jpg"
        },
        "sth": {
          "name": "McLaren Speedtail",
          "image": "images\\HW8583th.jpg"
        },
        "cars": [
          {
            "name": "'90 Honda Civic EF",
            "image": "images\\HW9030th.jpg"
          },
          {
            "name": "Crescendo",
            "image": "images\\HW9045th.jpg"
          },
          {
            "name": "Batman: Arkham Asylum Batmobile",
            "image": "images\\HW9025th.jpg"
          },
          {
            "name": "Monteracer",
            "image": "images\\HW9048th.jpg"
          },
          {
            "name": "Punk Rod",
            "image": "images\\HW9055th.jpg"
          },
          {
            "name": "Street Weiner",
            "image": "images\\HW9028th.jpg"
          },
          {
            "name": "'70 Plymouth Superbird",
            "image": "images\\HW9032th.jpg"
          },
          {
            "name": "Dune it Up",
            "image": "images\\HW9033th.jpg"
          },
          {
            "name": "Cadillac Project GTP Hypercar",
            "image": "images\\HW8582th.jpg"
          },
          {
            "name": "RD-06",
            "image": "images\\HW8132th.jpg"
          },
          {
            "name": "Slide-Burn",
            "image": "images\\HW9044th.jpg"
          },
          {
            "name": "Flippin Fast",
            "image": "images\\HW9047th.jpg"
          },
          {
            "name": "Futurismo",
            "image": "images\\HW9042th.jpg"
          },
          {
            "name": "Alfa Romeo Giulia TI Super",
            "image": "images\\HW9031th.jpg"
          },
          {
            "name": "Mazda RX-3",
            "image": "images\\HW9043th.jpg"
          },
          {
            "name": "Ferrari F40 Competizione",
            "image": "images\\HW9029th.jpg"
          },
          {
            "name": "Audi 90 Quattro",
            "image": "images\\HW9039th.jpg"
          },
          {
            "name": "VW T3 Custom",
            "image": "images\\HW9037th.jpg"
          },
          {
            "name": "Honda Civic Custom",
            "image": "images\\HW9024th.jpg"
          },
          {
            "name": "Chevroletor",
            "image": "images\\HW8712th.jpg"
          },
          {
            "name": "LiL Roar",
            "image": "images\\HW9026th.jpg"
          },
          {
            "name": "Terra-Tracktyl",
            "image": "images\\HW9038th.jpg"
          },
          {
            "name": "Pontiac Aztek Custom",
            "image": "images\\HW9041th.jpg"
          },
          {
            "name": "Speed Driver",
            "image": "images\\HW9040th.jpg"
          },
          {
            "name": "Ravenger S/T",
            "image": "images\\HW9034th.jpg"
          },
          {
            "name": "'69 Dodge Coronet Superbee",
            "image": "images\\HW9036th.jpg"
          },
          {
            "name": "McLaren Speedtail",
            "image": "images\\HW9046th.jpg"
          },
          {
            "name": "McLaren Speedtail",
            "image": "images\\HW8583th.jpg"
          },
          {
            "name": "Land Rover Defender 90",
            "image": "images\\HW9027th.jpg"
          },
          {
            "name": "Custom '18 Ford Mustang GT",
            "image": "images\\HW9035th.jpg"
          }
        ]
      },
      {
        "letter": "L",
        "th": {
          "name": "Honda S800 Racing",
          "image": "images\\HW8714th.jpg"
        },
        "sth": {
          "name": "'94 Bugatti EB110 SS",
          "image": "images\\HW8699th.jpg"
        },
        "cars": [
          {
            "name": "Subaru BRZ",
            "image": "images\\HW9090th.jpg"
          },
          {
            "name": "Arrow Dynamic",
            "image": "images\\HW9091th.jpg"
          },
          {
            "name": "Tesla Cyberquad",
            "image": "images\\HW9085th.jpg"
          },
          {
            "name": "Gotta Go",
            "image": "images\\HW9094th.jpg"
          },
          {
            "name": "Ford Escort",
            "image": "images\\HW9095th.jpg"
          },
          {
            "name": "'75 Chevy Blazer Custom",
            "image": "images\\HW9096th.jpg"
          },
          {
            "name": "Slide Kick",
            "image": "images\\HW9086th.jpg"
          },
          {
            "name": "Custom Kia EV6",
            "image": "images\\HW9092th.jpg"
          },
          {
            "name": "Monster Dairy Delivery",
            "image": "images\\HW9088th.jpg"
          },
          {
            "name": "Long Bloc",
            "image": "images\\HW9097th.jpg"
          },
          {
            "name": "Honda CB750 Cafe",
            "image": "images\\images-coming-soon-200.png"
          },
          {
            "name": "'15 Land Rover Defender Double Cab",
            "image": "images\\images-coming-soon-200.png"
          },
          {
            "name": "Track Dwagon",
            "image": "images\\images-coming-soon-200.png"
          },
          {
            "name": "'68 Lotus TYPE 49",
            "image": "images\\images-coming-soon-200.png"
          },
          {
            "name": "Honda S800 Racing",
            "image": "images\\HW8714th.jpg"
          },
          {
            "name": "Lotus Cortina",
            "image": "images\\HW9062th.jpg"
          },
          {
            "name": "2013 SRT Viper",
            "image": "images\\HW9093th.jpg"
          },
          {
            "name": "Blitzspeeder",
            "image": "images\\images-coming-soon-200.png"
          },
          {
            "name": "Quick Chat",
            "image": "images\\HW9064th.jpg"
          },
          {
            "name": "King Kuda",
            "image": "images\\HW9089th.jpg"
          },
          {
            "name": "Mod Mill",
            "image": "images\\HW9063th.jpg"
          },
          {
            "name": "Ford Mustang Dark Horse",
            "image": "images\\HW9087th.jpg"
          },
          {
            "name": "Porsche 911 GT3 RS",
            "image": "images\\HW9100th.jpg"
          },
          {
            "name": "'94 Bugatti EB110 SS",
            "image": "images\\HW9099th.jpg"
          },
          {
            "name": "'94 Bugatti EB110 SS",
            "image": "images\\HW8699th.jpg"
          },
          {
            "name": "Ferrari 365 GTB4 Competizione",
            "image": "images\\HW9065th.jpg"
          }
        ]
      },
      {
        "letter": "M",
        "th": {
          "name": "Shark Bite",
          "image": "images\\HW8715th.jpg"
        },
        "sth": {
          "name": "'73 Honda Civic Custom",
          "image": "images\\HW8719th.jpg"
        },
        "cars": [
          {
            "name": "KEI Swap",
            "image": "images\\HW9148th.jpg"
          },
          {
            "name": "Mercedes-Benz 500 E",
            "image": "images\\HW9146th.jpg"
          },
          {
            "name": "Datsun 240Z",
            "image": "images\\HW9127th.jpg"
          },
          {
            "name": "Draggin' Wagon",
            "image": "images\\HW9130th.jpg"
          },
          {
            "name": "Jaguar MK1",
            "image": "images\\HW9128th.jpg"
          },
          {
            "name": "Stockar",
            "image": "images\\HW9132th.jpg"
          },
          {
            "name": "'99 Ford F-150 SVT Lightning",
            "image": "images\\HW9139th.jpg"
          },
          {
            "name": "Cadillac Project GTP Hypercar",
            "image": "images\\HW9142th.jpg"
          },
          {
            "name": "Porsche 904 Carrera GTS",
            "image": "images\\HW8939th.jpg"
          },
          {
            "name": "Drift-Ender",
            "image": "images\\HW9131th.jpg"
          },
          {
            "name": "2020 Koenigsegg Jesko",
            "image": "images\\HW9143th.jpg"
          },
          {
            "name": "Rapid Pulse",
            "image": "images\\HW9149th.jpg"
          },
          {
            "name": "Pixel Shaker",
            "image": "images\\HW9147th.jpg"
          },
          {
            "name": "'31 Ford Model A Custom",
            "image": "images\\HW9137th.jpg"
          },
          {
            "name": "Nissan Skyline GT-R BCNR33",
            "image": "images\\HW9145th.jpg"
          },
          {
            "name": "Big-Air Bel-Air",
            "image": "images\\HW9138th.jpg"
          },
          {
            "name": "Crate Racer",
            "image": "images\\HW9144th.jpg"
          },
          {
            "name": "Madfast",
            "image": "images\\HW9140th.jpg"
          },
          {
            "name": "Amaru GTC",
            "image": "images\\HW9136th.jpg"
          },
          {
            "name": "Peugeot 9X8 Hypercar",
            "image": "images\\HW9068th.jpg"
          },
          {
            "name": "'17 Ford F-150 Raptor",
            "image": "images\\HW9053th.jpg"
          },
          {
            "name": "Land Rover Defender 90",
            "image": "images\\HW9054th.jpg"
          },
          {
            "name": "Layin' Lowrider",
            "image": "images\\HW9151th.jpg"
          },
          {
            "name": "Honda VFR750R RC30",
            "image": "images\\HW9066th.jpg"
          },
          {
            "name": "Pagani Utopia",
            "image": "images\\HW9141th.jpg"
          },
          {
            "name": "Mazda 787B",
            "image": "images\\HW9129th.jpg"
          },
          {
            "name": "Twin Dorado",
            "image": "images\\HW9067th.jpg"
          },
          {
            "name": "Shark Bite",
            "image": "images\\HW8715th.jpg"
          },
          {
            "name": "1973 Pontiac Firebird",
            "image": "images\\HW9134th.jpg"
          },
          {
            "name": "'73 Honda Civic Custom",
            "image": "images\\HW9150th.jpg"
          },
          {
            "name": "'73 Honda Civic Custom",
            "image": "images\\HW8719th.jpg"
          },
          {
            "name": "1966 Bat Boat",
            "image": "images\\HW9133th.jpg"
          }
        ]
      },
      {
        "letter": "N",
        "th": {
          "name": "1966 Triumph Tiger 100",
          "image": "images\\HW8716th.jpg"
        },
        "sth": {
          "name": "'20 Dodge Charger Hellcat",
          "image": "images\\HW8718th.jpg"
        },
        "cars": [
          {
            "name": "Super Twin Mill",
            "image": "images\\HW9573th.jpg"
          },
          {
            "name": "Custom '56 Ford Truck",
            "image": "images\\HW9568th.jpg"
          },
          {
            "name": "'66 Buick Riviera",
            "image": "images\\HW9135th.jpg"
          },
          {
            "name": "BMW 2002",
            "image": "images\\HW9572th.jpg"
          },
          {
            "name": "Silverado EV RST",
            "image": "images\\HW9580th.jpg"
          },
          {
            "name": "Ain't Fare",
            "image": "images\\HW9578th.jpg"
          },
          {
            "name": "Gordan Murry Automotive T33",
            "image": "images\\HW9581th.jpg"
          },
          {
            "name": "Gordon Murray Automotive T.50s",
            "image": "images\\HW8906th.jpg"
          },
          {
            "name": "Power Rocket",
            "image": "images\\HW9575th.jpg"
          },
          {
            "name": "Later Crater",
            "image": "images\\HW9574th.jpg"
          },
          {
            "name": "'75 Chevy Blazer Custom",
            "image": "images\\HW9050th.jpg"
          },
          {
            "name": "Skull Shaker",
            "image": "images\\HW9579th.jpg"
          },
          {
            "name": "2018 Honda Civic Type R",
            "image": "images\\HW9570th.jpg"
          },
          {
            "name": "Cone Shaker",
            "image": "images\\HW9576th.jpg"
          },
          {
            "name": "Quick Bite",
            "image": "images\\HW9587th.jpg"
          },
          {
            "name": "Rodger Dodger 2.0",
            "image": "images\\HW9589th.jpg"
          },
          {
            "name": "Hoto Roto",
            "image": "images\\HW9585th.jpg"
          },
          {
            "name": "Ford GT",
            "image": "images\\HW9569th.jpg"
          },
          {
            "name": "'95 Mazda RX-7 Drift",
            "image": "images\\HW9584th.jpg"
          },
          {
            "name": "'67 Austin Mini Van",
            "image": "images\\HW9582th.jpg"
          },
          {
            "name": "Formula E Gen3",
            "image": "images\\HW9577th.jpg"
          },
          {
            "name": "VW T3 Custom",
            "image": "images\\HW9049th.jpg"
          },
          {
            "name": "Volvo 240 Drift Wagon",
            "image": "images\\HW9583th.jpg"
          },
          {
            "name": "1966 Triumph Tiger 100",
            "image": "images\\HW8716th.jpg"
          },
          {
            "name": "Feline Lucky",
            "image": "images\\HW9069th.jpg"
          },
          {
            "name": "Limited Grip",
            "image": "images\\HW9586th.jpg"
          },
          {
            "name": "Jaguar XJC V12 Coupe",
            "image": "images\\HW9071th.jpg"
          },
          {
            "name": "Porsche 911 Turbo Cabriolet",
            "image": "images\\HW9072th.jpg"
          },
          {
            "name": "'20 Dodge Charger Hellcat",
            "image": "images\\HW9588th.jpg"
          },
          {
            "name": "'20 Dodge Charger Hellcat",
            "image": "images\\HW8718th.jpg"
          },
          {
            "name": "Gone Mad",
            "image": "images\\HW9070th.jpg"
          }
        ]
      },
      {
        "letter": "P",
        "th": {
          "name": "'84 Audi Sport quattro",
          "image": "images\\HW8717th.jpg"
        },
        "sth": {
          "name": "BMW M3 Wagon",
          "image": "images\\HW8814th.jpg"
        },
        "cars": [
          {
            "name": "Kick Kart",
            "image": "images\\HW9740th.jpg"
          },
          {
            "name": "Ford Mustang GTD",
            "image": "images\\HW9736th.jpg"
          },
          {
            "name": "Lamborghini Huracan Sterrato",
            "image": "images\\HW9571th.jpg"
          },
          {
            "name": "Chevy Blazer 4x4",
            "image": "images\\HW9742th.jpg"
          },
          {
            "name": "TV Series Batmobile",
            "image": "images\\HW9751th.jpg"
          },
          {
            "name": "'91 GMC Syclone",
            "image": "images\\HW9746th.jpg"
          },
          {
            "name": "Salt Shaker",
            "image": "images\\images-coming-soon-200.png"
          },
          {
            "name": "Honda CB750 Cafe",
            "image": "images\\HW9753th.jpg"
          },
          {
            "name": "'67 Shelby GT500",
            "image": "images\\HW9738th.jpg"
          },
          {
            "name": "Renault ESPACE F1",
            "image": "images\\images-coming-soon-200.png"
          },
          {
            "name": "'96 Dodge Viper GTS",
            "image": "images\\HW9745th.jpg"
          },
          {
            "name": "Track Dwagon",
            "image": "images\\HW9747th.jpg"
          },
          {
            "name": "BMW 635 CSi",
            "image": "images\\HW9752th.jpg"
          },
          {
            "name": "'89 Mercedes-Benz 560 SEC AMG",
            "image": "images\\HW9739th.jpg"
          },
          {
            "name": "Ferrari SF90 Stradale",
            "image": "images\\HW9755th.jpg"
          },
          {
            "name": "Czinger 21C",
            "image": "images\\HW9749th.jpg"
          },
          {
            "name": "Terra-Tracktyl",
            "image": "images\\HW9743th.jpg"
          },
          {
            "name": "Speed Driver",
            "image": "images\\HW9741th.jpg"
          },
          {
            "name": "Blitzspeeder",
            "image": "images\\HW9737th.jpg"
          },
          {
            "name": "Mo-Stash",
            "image": "images\\HW9750th.jpg"
          },
          {
            "name": "EL Segundo Rallye",
            "image": "images\\HW9074th.jpg"
          },
          {
            "name": "Mazda RX-3",
            "image": "images\\HW9754th.jpg"
          },
          {
            "name": "BMW M3 Wagon",
            "image": "images\\HW9735th.jpg"
          },
          {
            "name": "BMW M3 Wagon",
            "image": "images\\HW8814th.jpg"
          },
          {
            "name": "'84 Audi Sport quattro",
            "image": "images\\HW8717th.jpg"
          },
          {
            "name": "1983 Porsche 928S",
            "image": "images\\HW9075th.jpg"
          }
        ]
      },
      {
        "letter": "Q",
        "th": {
          "name": "Triumph TR6",
          "image": "images\\images-coming-soon-200.png"
        },
        "sth": {
          "name": "Ford RS200",
          "image": "images\\HW8720th.jpg"
        },
        "cars": [
          {
            "name": "Street Shrieker",
            "image": "images\\images-coming-soon-200.png"
          },
          {
            "name": "Sushi Tuner",
            "image": "images\\images-coming-soon-200.png"
          },
          {
            "name": "RRRoadster",
            "image": "images\\images-coming-soon-200.png"
          },
          {
            "name": "McLaren W1",
            "image": "images\\images-coming-soon-200.png"
          },
          {
            "name": "HW Ultimate T-rex Transporter",
            "image": "images\\images-coming-soon-200.png"
          },
          {
            "name": "'83 Chevy Silverado",
            "image": "images\\images-coming-soon-200.png"
          },
          {
            "name": "2018 Bentley Continental GT3",
            "image": "images\\images-coming-soon-200.png"
          },
          {
            "name": "'15 Land Rover Defender Double Cab",
            "image": "images\\images-coming-soon-200.png"
          },
          {
            "name": "Honda Motocompo",
            "image": "images\\images-coming-soon-200.png"
          },
          {
            "name": "Drift'N Break",
            "image": "images\\images-coming-soon-200.png"
          },
          {
            "name": "Porsche 911 Carrera Clip",
            "image": "images\\images-coming-soon-200.png"
          },
          {
            "name": "Decidedly Go",
            "image": "images\\images-coming-soon-200.png"
          },
          {
            "name": "Alfa Romeo Giulia TI Super",
            "image": "images\\images-coming-soon-200.png"
          },
          {
            "name": "Hot Wheengs",
            "image": "images\\images-coming-soon-200.png"
          },
          {
            "name": "Ferrari F40 Competizione",
            "image": "images\\images-coming-soon-200.png"
          },
          {
            "name": "Audi 90 Quattro",
            "image": "images\\images-coming-soon-200.png"
          },
          {
            "name": "VW T3 Custom",
            "image": "images\\images-coming-soon-200.png"
          },
          {
            "name": "Pontiac Aztek Custom",
            "image": "images\\images-coming-soon-200.png"
          },
          {
            "name": "Ravenger S/T",
            "image": "images\\images-coming-soon-200.png"
          },
          {
            "name": "Quick Chat",
            "image": "images\\images-coming-soon-200.png"
          },
          {
            "name": "Mod Mill",
            "image": "images\\images-coming-soon-200.png"
          },
          {
            "name": "Ferrari 365 GTB4 Competizione",
            "image": "images\\images-coming-soon-200.png"
          },
          {
            "name": "Volvo 240 Drift Wagon",
            "image": "images\\images-coming-soon-200.png"
          },
          {
            "name": "McMurtry Speirling",
            "image": "images\\images-coming-soon-200.png"
          },
          {
            "name": "Jaguar XJC V12 Coupe",
            "image": "images\\images-coming-soon-200.png"
          },
          {
            "name": "Ford RS200",
            "image": "images\\images-coming-soon-200.png"
          },
          {
            "name": "Ford RS200",
            "image": "images\\HW8720th.jpg"
          },
          {
            "name": "Polestar TRX",
            "image": "images\\images-coming-soon-200.png"
          },
          {
            "name": "Triumph TR6",
            "image": "images\\images-coming-soon-200.png"
          }
        ]
      }
    ]
  }
,
  "2024": {
    "cases": [
      {
        "letter": "A",
        "th": {
            "name": "'47 Chevy Fleetline",
            "image": "images\\HW5861th.jpg"
        },
        "sth": {
            "name": "Ford Escort RS2000",
            "image": "images\\HW5856th.jpg"
        },
        "cars": [
          {
            "name": "Monster High Ghoul Mobile",
            "image": "images\\HW5936th.jpg"
          },
          {
            "name": "USS Enterprise NCC-1701",
            "image": "images\\images-coming-soon-200.png"
          },
          {
            "name": "Custom Otto",
            "image": "images\\HW5944th.jpg"
          },
          {
            "name": "'47 Chevy Fleetline",
            "image": "images\\HW5861th.jpg"
          },
          {
            "name": "'76 Greenwood Corvette",
            "image": "images\\HW5937th.jpg"
          },
          {
            "name": "Ford GT40",
            "image": "images\\HW5945th.jpg"
          },
          {
            "name": "MAX Steel",
            "image": "images\\HW6098th.jpg"
          },
          {
            "name": "'70 Plymouth Barracuda",
            "image": "images\\HW5938th.jpg"
          },
          {
            "name": "Mighty K",
            "image": "images\\HW5939th.jpg"
          },
          {
            "name": "Fiat 500e",
            "image": "images\\HW5941th.jpg"
          },
          {
            "name": "Ford Escort RS2000",
            "image": "images\\HW5940th.jpg"
          },
          {
            "name": "Ford Escort RS2000",
            "image": "images\\HW5856th.jpg"
          },
          {
            "name": "2020 Ram 1500 Rebel",
            "image": "images\\HW5942th.jpg"
          },
          {
            "name": "Punk Rod",
            "image": "images\\images-coming-soon-200.png"
          }
        ]
      },
      {
        "letter": "B",
        "th": {
            "name": "Ain't Fare",
            "image": "images\\HW5950th.jpg"
        },
        "sth": {
            "name": "'18 Camaro SS",
            "image": "images\\HW5857th.jpg"
        },
        "cars": [
          {
            "name": "Mazda Autozam",
            "image": "images\\HW5943th.jpg"
          },
          {
            "name": "Czinger 21C",
            "image": "images\\HW6245th.jpg"
          },
          {
            "name": "Tesla Model Y",
            "image": "images\\images-coming-soon-200.png"
          },
          {
            "name": "Mighty K",
            "image": "images\\HW5946th.jpg"
          },
          {
            "name": "1956 Corvette",
            "image": "images\\HW5955th.jpg"
          },
          {
            "name": "Ain't Fare",
            "image": "images\\HW5950th.jpg"
          },
          {
            "name": "'18 Camaro SS",
            "image": "images\\HW5964th.jpg"
          },
          {
            "name": "'18 Camaro SS",
            "image": "images\\HW5857th.jpg"
          },
          {
            "name": "Humvee",
            "image": "images\\HW6022th.jpg"
          },
          {
            "name": "Nissan Patrol Custom",
            "image": "images\\HW5957th.jpg"
          },
          {
            "name": "Ford F-150 Lightning Custom",
            "image": "images\\HW5963th.jpg"
          },
          {
            "name": "'87 Dodge D100",
            "image": "images\\HW5965th.jpg"
          },
          {
            "name": "Corvette C6",
            "image": "images\\HW5959th.jpg"
          },
          {
            "name": "Proton Saga",
            "image": "images\\HW5954th.jpg"
          },
          {
            "name": "Volkswagen T2 Pickup",
            "image": "images\\HW5962th.jpg"
          },
          {
            "name": "'19 Ford Ranger Raptor",
            "image": "images\\HW5961th.jpg"
          },
          {
            "name": "Nissan Skyline RS KDR30",
            "image": "images\\HW5951th.jpg"
          },
          {
            "name": "Honda Civic Si",
            "image": "images\\HW5958th.jpg"
          },
          {
            "name": "Porsche 911 Carrera RS 2.7",
            "image": "images\\HW5953th.jpg"
          },
          {
            "name": "'72 Stingray Convertible",
            "image": "images\\HW5960th.jpg"
          },
          {
            "name": "Limited Grip",
            "image": "images\\HW5952th.jpg"
          },
          {
            "name": "El Segundo Coupe",
            "image": "images\\HW5956th.jpg"
          }
        ]
      },
      {
        "letter": "C",
        "th": {
            "name": "Tooligan",
            "image": "images\\HW5987th.jpg"
        },
        "sth": {
            "name": "BMW 507",
            "image": "images\\HW5858th.jpg"
        },
        "cars": [
          {
            "name": "Custom Otto",
            "image": "images\\HW7538th.jpg"
          },
          {
            "name": "'15 Dodge Charger SRT",
            "image": "images\\HW6433th.jpg"
          },
          {
            "name": "Ford GT40",
            "image": "images\\HW5976th.jpg"
          },
          {
            "name": "Volvo XC40 Recharge",
            "image": "images\\HW5977th.jpg"
          },
          {
            "name": "MAX Steel",
            "image": "images\\HW5979th.jpg"
          },
          {
            "name": "'70 Plymouth Barracuda",
            "image": "images\\HW5978th.jpg"
          },
          {
            "name": "Fiat 500e",
            "image": "images\\HW5947th.jpg"
          },
          {
            "name": "1978 Dodge LI'L Red Express Truck",
            "image": "images\\HW6047th.jpg"
          },
          {
            "name": "'07 Chevy Tahoe",
            "image": "images\\HW6040th.jpg"
          },
          {
            "name": "Mad Mike Drift Attack",
            "image": "images\\HW6108th.jpg"
          },
          {
            "name": "Back to the Future Time machine - Hover Mode",
            "image": "images\\HW6044th.jpg"
          },
          {
            "name": "'55 Chevy Bel Air Gasser",
            "image": "images\\HW6042th.jpg"
          },
          {
            "name": "BMW 507",
            "image": "images\\HW6045th.jpg"
          },
          {
            "name": "BMW 507",
            "image": "images\\HW5858th.jpg"
          },
          {
            "name": "'57 Jeep FC",
            "image": "images\\HW6046th.jpg"
          },
          {
            "name": "'15 Mazda MX-5 Miata",
            "image": "images\\HW6041th.jpg"
          },
          {
            "name": "McLaren Solus GT",
            "image": "images\\HW6043th.jpg"
          },
          {
            "name": "Tooligan",
            "image": "images\\HW5987th.jpg"
          },
          {
            "name": "MO-Stash",
            "image": "images\\HW5993th.jpg"
          },
          {
            "name": "Custom '68 Camaro",
            "image": "images\\HW6049th.jpg"
          }
        ]
      },
      {
        "letter": "D",
        "th": {
            "name": "Custom '53 Chevy",
            "image": "images\\HW5988th.jpg"
        },
        "sth": {
            "name": "'89 Mercedes-Benz 560 SEC AMG",
            "image": "images\\HW5859th.jpg"
        },
        "cars": [
          {
            "name": "Vespa 90 SS Super Sprint 1966",
            "image": "images\\HW6123th.jpg"
          },
          {
            "name": "RRRoadster",
            "image": "images\\HW6106th.jpg"
          },
          {
            "name": "Rodger Dodger",
            "image": "images\\images-coming-soon-200.png"
          },
          {
            "name": "Rodger Dodger",
            "image": "images\\HW6112th.jpg"
          },
          {
            "name": "Ice Charger",
            "image": "images\\HW6110th.jpg"
          },
          {
            "name": "Glory Chaser",
            "image": "images\\HW6104th.jpg"
          },
          {
            "name": "Mazda RX-7",
            "image": "images\\HW6120th.jpg"
          },
          {
            "name": "'89 Mercedes-Benz 560 SEC AMG",
            "image": "images\\HW6114th.jpg"
          },
          {
            "name": "'89 Mercedes-Benz 560 SEC AMG",
            "image": "images\\HW5859th.jpg"
          },
          {
            "name": "'67 Chevy C10",
            "image": "images\\HW6105th.jpg"
          },
          {
            "name": "'67 Camaro",
            "image": "images\\HW6111th.jpg"
          },
          {
            "name": "DeLorean Alpha5",
            "image": "images\\HW6119th.jpg"
          },
          {
            "name": "'10 Camaro SS",
            "image": "images\\HW6117th.jpg"
          },
          {
            "name": "Street Wiener",
            "image": "images\\HW6122th.jpg"
          },
          {
            "name": "'73 Honda Civic Custom",
            "image": "images\\HW6000th.jpg"
          },
          {
            "name": "'73 Jeep J10",
            "image": "images\\HW6113th.jpg"
          },
          {
            "name": "Land Rover Series II",
            "image": "images\\HW6118th.jpg"
          },
          {
            "name": "'92 Honda Civic EG",
            "image": "images\\HW6109th.jpg"
          },
          {
            "name": "Nissan Skyline GT-R BCNR33",
            "image": "images\\HW6001th.jpg"
          },
          {
            "name": "'23 Ram 1500",
            "image": "images\\HW6103th.jpg"
          },
          {
            "name": "Alfa Romeo GTV6 3.0",
            "image": "images\\HW6107th.jpg"
          },
          {
            "name": "Pagani Zonda R",
            "image": "images\\HW6121th.jpg"
          },
          {
            "name": "Custom '53 Chevy",
            "image": "images\\HW5988th.jpg"
          },
          {
            "name": "HW-4-Trac",
            "image": "images\\HW6289th.jpg"
          },
          {
            "name": "'87 Audi Quattro",
            "image": "images\\HW5996th.jpg"
          }
        ]
      },
      {
        "letter": "E",
        "th": {
            "name": "Batman Forever Batmobile",
            "image": "images\\HW5989th.jpg"
        },
        "sth": {
            "name": "'60s Fiat 500D Modificado",
            "image": "images\\HW5860th.jpg"
        },
        "cars": [
          {
            "name": "Monster High Ghoul Mobile",
            "image": "images\\HW6297th.jpg"
          },
          {
            "name": "Volvo XC40 Recharge",
            "image": "images\\HW6288th.jpg"
          },
          {
            "name": "2020 Ram 1500 Rebel",
            "image": "images\\HW6296th.jpg"
          },
          {
            "name": "'57 Jeep FC",
            "image": "images\\HW5984th.jpg"
          },
          {
            "name": "McLaren Solus GT",
            "image": "images\\HW6115th.jpg"
          },
          {
            "name": "Flippin' Fast",
            "image": "images\\HW6002th.jpg"
          },
          {
            "name": "Surf Duty",
            "image": "images\\HW6299th.jpg"
          },
          {
            "name": "Batman Forever Batmobile",
            "image": "images\\HW5989th.jpg"
          },
          {
            "name": "'70 Dodge Charger R/T",
            "image": "images\\HW6290th.jpg"
          },
          {
            "name": "Corvette Stingray",
            "image": "images\\HW6291th.jpg"
          },
          {
            "name": "Silverado EV RST",
            "image": "images\\HW6284th.jpg"
          },
          {
            "name": "Pontiac Aztek Custom",
            "image": "images\\HW5994th.jpg"
          },
          {
            "name": "Mustang Funny Car",
            "image": "images\\HW6294th.jpg"
          },
          {
            "name": "Layin' Lowrider",
            "image": "images\\HW6298th.jpg"
          },
          {
            "name": "Baja Truck",
            "image": "images\\HW6285th.jpg"
          },
          {
            "name": "'15 Jaguar F-Type Project 7",
            "image": "images\\HW6300th.jpg"
          },
          {
            "name": "'60s Fiat 500D Modificado",
            "image": "images\\HW6295th.jpg"
          },
          {
            "name": "'60s Fiat 500D Modificado",
            "image": "images\\HW5860th.jpg"
          },
          {
            "name": "Custom '72 Chevy LUV",
            "image": "images\\HW6292th.jpg"
          },
          {
            "name": "'57 Chevy",
            "image": "images\\HW6287th.jpg"
          },
          {
            "name": "Shelby Cobra \"Daytona\" Coupe",
            "image": "images\\HW6293th.jpg"
          },
          {
            "name": "Cadillac Project GTP Hypercar",
            "image": "images\\HW6283th.jpg"
          },
          {
            "name": "Aston Martin 1963 DBS",
            "image": "images\\HW6286th.jpg"
          }
        ]
      },
      {
        "letter": "F",
        "th": {
            "name": "Ford Mustang Mach-E 1400",
            "image": "images\\HW6003th.jpg"
        },
        "sth": {
            "name": "'71 El Camino",
            "image": "images\\HW5990th.jpg"
        },
        "cars": [
          {
            "name": "Mazda Autozam",
            "image": "images\\HW6448th.jpg"
          },
          {
            "name": "Custom Otto",
            "image": "images\\HW6438th.jpg"
          },
          {
            "name": "'15 Dodge Charger SRT",
            "image": "images\\HW6453th.jpg"
          },
          {
            "name": "Ford GT40",
            "image": "images\\HW6455th.jpg"
          },
          {
            "name": "Czinger 21C",
            "image": "images\\HW6445th.jpg"
          },
          {
            "name": "Tesla Model Y",
            "image": "images\\HW6443th.jpg"
          },
          {
            "name": "'70 Plymouth Barracuda",
            "image": "images\\HW6444th.jpg"
          },
          {
            "name": "Mighty K",
            "image": "images\\HW6442th.jpg"
          },
          {
            "name": "Nissan Patrol Custom",
            "image": "images\\HW6451th.jpg"
          },
          {
            "name": "Audi RS e-tron GT",
            "image": "images\\HW6454th.jpg"
          },
          {
            "name": "Nissan Skyline RS KDR30",
            "image": "images\\HW5980th.jpg"
          },
          {
            "name": "'67 Chevy C10",
            "image": "images\\HW5981th.jpg"
          },
          {
            "name": "DeLorean Alpha5",
            "image": "images\\HW6244th.jpg"
          },
          {
            "name": "'91 Mazda MX-5 Miata",
            "image": "images\\HW6449th.jpg"
          },
          {
            "name": "Supercharged",
            "image": "images\\HW6450th.jpg"
          },
          {
            "name": "5 Alarm",
            "image": "images\\HW6452th.jpg"
          },
          {
            "name": "Trouble Decker",
            "image": "images\\HW6440th.jpg"
          },
          {
            "name": "Ford Performance Supervan4",
            "image": "images\\HW6446th.jpg"
          },
          {
            "name": "Ford Mustang Mach-E 1400",
            "image": "images\\HW6003th.jpg"
          },
          {
            "name": "Terra-Tracktyl",
            "image": "images\\HW6439th.jpg"
          },
          {
            "name": "El Camino",
            "image": "images\\HW6434th.jpg"
          },
          {
            "name": "'71 El Camino",
            "image": "images\\HW5990th.jpg"
          },
          {
            "name": "'94 Audi Avant RS2",
            "image": "images\\HW6436th.jpg"
          },
          {
            "name": "Porsche 911 Carrera",
            "image": "images\\HW5997th.jpg"
          }
        ]
      },
      {
        "letter": "G",
        "th": {
            "name": "Draggin' Wagon",
            "image": "images\\HW6028th.jpg"
        },
        "sth": {
            "name": "Audi 90 Quattro",
            "image": "images\\HW5991th.jpg"
        },
        "cars": [
          {
            "name": "Runway Res-Q",
            "image": "images\\HW6907th.jpg"
          },
          {
            "name": "'15 Jaguar F-Type Project 7",
            "image": "images\\HW7542th.jpg"
          },
          {
            "name": "Mazda RX-7",
            "image": "images\\HW7541th.jpg"
          },
          {
            "name": "Fiat 500e",
            "image": "images\\HW6895th.jpg"
          },
          {
            "name": "'87 Dodge D100",
            "image": "images\\HW7539th.jpg"
          },
          {
            "name": "Humvee",
            "image": "images\\HW6916th.jpg"
          },
          {
            "name": "Ford F-150 Lightning Custom",
            "image": "images\\HW6897th.jpg"
          },
          {
            "name": "Volkswagen T2 Pickup",
            "image": "images\\HW6437th.jpg"
          },
          {
            "name": "'19 Ford Ranger Raptor",
            "image": "images\\HW6911th.jpg"
          },
          {
            "name": "Nissan Skyline RS KDR30",
            "image": "images\\HW6913th.jpg"
          },
          {
            "name": "Honda Civic Si",
            "image": "images\\HW6917th.jpg"
          },
          {
            "name": "Porsche 911 Carrera RS 2.7",
            "image": "images\\HW6893th.jpg"
          },
          {
            "name": "'72 Stingray Convertible",
            "image": "images\\HW6894th.jpg"
          },
          {
            "name": "El Segundo Coupe",
            "image": "images\\HW7019th.jpg"
          },
          {
            "name": "Mod Rod",
            "image": "images\\HW7540th.jpg"
          },
          {
            "name": "'55 Chevy Bel Air Gasser",
            "image": "images\\HW6915th.jpg"
          },
          {
            "name": "Jaguar MK1",
            "image": "images\\HW6910th.jpg"
          },
          {
            "name": "HW450F",
            "image": "images\\HW6909th.jpg"
          },
          {
            "name": "Rapid Pulse",
            "image": "images\\HW6908th.jpg"
          },
          {
            "name": "BMW M3 Wagon",
            "image": "images\\HW6912th.jpg"
          },
          {
            "name": "'52 Chevy",
            "image": "images\\HW6435th.jpg"
          },
          {
            "name": "Draggin' Wagon",
            "image": "images\\HW6028th.jpg"
          },
          {
            "name": "'68 Dodge Dart",
            "image": "images\\HW6004th.jpg"
          },
          {
            "name": "Hirohata Merc",
            "image": "images\\HW5998th.jpg"
          },
          {
            "name": "Audi 90 Quattro",
            "image": "images\\HW6914th.jpg"
          },
          {
            "name": "Audi 90 Quattro",
            "image": "images\\HW5991th.jpg"
          }
        ]
      },
      {
        "letter": "H",
        "th": {
            "name": "Purple Passion",
            "image": "images\\HW6282th.jpg"
        },
        "sth": {
            "name": "Volvo P1800 Gasser",
            "image": "images\\HW5992th.jpg"
        },
        "cars": [
          {
            "name": "'76 Greenwood Corvette",
            "image": "images\\HW7017th.jpg"
          },
          {
            "name": "HW Braille Racer - Twin Mill",
            "image": "images\\HW6896th.jpg"
          },
          {
            "name": "'87 Dodge D100",
            "image": "images\\HW7027th.jpg"
          },
          {
            "name": "Corvette C6",
            "image": "images\\HW7024th.jpg"
          },
          {
            "name": "West Coast Flyer",
            "image": "images\\HW7021th.jpg"
          },
          {
            "name": "'07 Chevy Tahoe",
            "image": "images\\HW7028th.jpg"
          },
          {
            "name": "GMC Hummer EV",
            "image": "images\\HW7026th.jpg"
          },
          {
            "name": "'57 Jeep FC",
            "image": "images\\HW7030th.jpg"
          },
          {
            "name": "'15 Mazda MX-5 Miata",
            "image": "images\\HW7023th.jpg"
          },
          {
            "name": "McLaren Solus GT",
            "image": "images\\HW7032th.jpg"
          },
          {
            "name": "Glory Chaser",
            "image": "images\\HW7031th.jpg"
          },
          {
            "name": "'92 Honda Civic EG",
            "image": "images\\HW5986th.jpg"
          },
          {
            "name": "Mustang Funny Car",
            "image": "images\\HW5983th.jpg"
          },
          {
            "name": "Propper Chopper",
            "image": "images\\HW7025th.jpg"
          },
          {
            "name": "Purple Passion",
            "image": "images\\HW6282th.jpg"
          },
          {
            "name": "King 'Kuda",
            "image": "images\\HW7034th.jpg"
          },
          {
            "name": "Volvo P1800 Gasser",
            "image": "images\\HW7033th.jpg"
          },
          {
            "name": "Volvo P1800 Gasser",
            "image": "images\\HW5992th.jpg"
          },
          {
            "name": "'63 Studebaker Champ",
            "image": "images\\images-coming-soon-200.png"
          },
          {
            "name": "'63 Studebaker Champ",
            "image": "images\\HW7029th.jpg"
          },
          {
            "name": "Mazda RX-3",
            "image": "images\\HW7020th.jpg"
          },
          {
            "name": "'64 Chevy Chevelle SS",
            "image": "images\\HW7022th.jpg"
          },
          {
            "name": "Porsche 904 Carrera GTS",
            "image": "images\\HW7018th.jpg"
          }
        ]
      },
      {
        "letter": "J",
        "th": {
            "name": "Honda Super Cub Custom",
            "image": "images\\HW6694th.jpg"
        },
        "sth": {
            "name": "Mitsubishi Pajero Evolution",
            "image": "images\\HW6101th.jpg"
        },
        "cars": [
          {
            "name": "Mad Mike Drift Attack",
            "image": "images\\HW7305th.jpg"
          },
          {
            "name": "Custom '68 Camaro",
            "image": "images\\HW7298th.jpg"
          },
          {
            "name": "DeLorean Alpha5",
            "image": "images\\HW7309th.jpg"
          },
          {
            "name": "'10 Camaro SS",
            "image": "images\\HW7308th.jpg"
          },
          {
            "name": "Land Rover Series II",
            "image": "images\\HW5982th.jpg"
          },
          {
            "name": "Alfa Romeo GTV6 3.0",
            "image": "images\\HW7475th.jpg"
          },
          {
            "name": "Pagani Zonda R",
            "image": "images\\HW7302th.jpg"
          },
          {
            "name": "Layin' Lowrider",
            "image": "images\\HW7476th.jpg"
          },
          {
            "name": "Birthday Burner",
            "image": "images\\HW5995th.jpg"
          },
          {
            "name": "Honda Super Cub Custom",
            "image": "images\\HW6694th.jpg"
          },
          {
            "name": "'70 Dodge Charger",
            "image": "images\\HW7301th.jpg"
          },
          {
            "name": "Speed Bump",
            "image": "images\\HW7299th.jpg"
          },
          {
            "name": "Mailed It!",
            "image": "images\\HW7300th.jpg"
          },
          {
            "name": "McLaren P1",
            "image": "images\\HW7303th.jpg"
          },
          {
            "name": "Duck N' Roll",
            "image": "images\\HW7307th.jpg"
          },
          {
            "name": "Mitsubishi Pajero Evolution",
            "image": "images\\HW7306th.jpg"
          },
          {
            "name": "Mitsubishi Pajero Evolution",
            "image": "images\\HW6101th.jpg"
          },
          {
            "name": "'95 Mazda RX-7",
            "image": "images\\HW6005th.jpg"
          },
          {
            "name": "'69 Mercury Cougar Eliminator",
            "image": "images\\HW7304th.jpg"
          }
        ]
      },
      {
        "letter": "K",
        "th": {
            "name": "Bone Shaker",
            "image": "images\\HW6689th.jpg"
        },
        "sth": {
            "name": "Mazda 787B",
            "image": "images\\HW6102th.jpg"
        },
        "cars": [
          {
            "name": "'55 Chevy Bel Air Gasser",
            "image": "images\\HW5985th.jpg"
          },
          {
            "name": "'73 Jeep J10",
            "image": "images\\HW7401th.jpg"
          },
          {
            "name": "Surf Duty",
            "image": "images\\HW7410th.jpg"
          },
          {
            "name": "Pontiac Aztek Custom",
            "image": "images\\HW7406th.jpg"
          },
          {
            "name": "'94 Audi Avant RS2",
            "image": "images\\HW7423th.jpg"
          },
          {
            "name": "Mazda 787B",
            "image": "images\\HW7413th.jpg"
          },
          {
            "name": "Mazda 787B",
            "image": "images\\HW6102th.jpg"
          },
          {
            "name": "Rink Racer",
            "image": "images\\HW7400th.jpg"
          },
          {
            "name": "'96 Porsche Carrera",
            "image": "images\\HW7402th.jpg"
          },
          {
            "name": "'90 Acura NSX",
            "image": "images\\HW7408th.jpg"
          },
          {
            "name": "Grumobile",
            "image": "images\\HW7435th.jpg"
          },
          {
            "name": "Shelby Cobra 427 S/C",
            "image": "images\\HW7185th.jpg"
          },
          {
            "name": "Chrysler Pacifica",
            "image": "images\\HW7407th.jpg"
          },
          {
            "name": "Bone Shaker",
            "image": "images\\HW6689th.jpg"
          },
          {
            "name": "Bugatti Bolide",
            "image": "images\\HW7415th.jpg"
          },
          {
            "name": "Bumblebee",
            "image": "images\\HW7405th.jpg"
          },
          {
            "name": "Kowloon'd Hypervan",
            "image": "images\\HW7411th.jpg"
          },
          {
            "name": "1966 Triumph Tiger 100",
            "image": "images\\HW7414th.jpg"
          },
          {
            "name": "Nissan Skyline 2000GT-R LBWK",
            "image": "images\\HW7404th.jpg"
          },
          {
            "name": "'84 Mustang SVO",
            "image": "images\\HW7403th.jpg"
          },
          {
            "name": "'92 Ford Mustang",
            "image": "images\\HW7412th.jpg"
          },
          {
            "name": "Porsche 911 Turbo 3.6 (964)",
            "image": "images\\HW7409th.jpg"
          },
          {
            "name": "Lamborghini Sesto Elemento",
            "image": "images\\HW7399th.jpg"
          }
        ]
      },
      {
        "letter": "L",
        "th": {
            "name": "Car-de-Asada",
            "image": "images\\HW6695th.jpg"
        },
        "sth": {
            "name": "'77 Pontiac Firebird",
            "image": "images\\HW6688th.jpg"
        },
        "cars": [
          {
            "name": "Mazda RX-7",
            "image": "images\\HW7429th.jpg"
          },
          {
            "name": "Land Rover Series II",
            "image": "images\\HW7430th.jpg"
          },
          {
            "name": "'70 Dodge Charger R/T",
            "image": "images\\HW7428th.jpg"
          },
          {
            "name": "Mustang Funny Car",
            "image": "images\\HW7439th.jpg"
          },
          {
            "name": "'15 Jaguar F-Type Project 7",
            "image": "images\\HW7440th.jpg"
          },
          {
            "name": "5 Alarm",
            "image": "images\\HW7441th.jpg"
          },
          {
            "name": "Trouble Decker",
            "image": "images\\HW7434th.jpg"
          },
          {
            "name": "'94 Audi Avant RS2",
            "image": "images\\HW7427th.jpg"
          },
          {
            "name": "'67 Lotus Type 49",
            "image": "images\\HW7225th.jpg"
          },
          {
            "name": "Track Dwagon",
            "image": "images\\images-coming-soon-200.png"
          },
          {
            "name": "'92 BMW M3",
            "image": "images\\HW7426th.jpg"
          },
          {
            "name": "'22 Ford Maverick Custom",
            "image": "images\\HW7433th.jpg"
          },
          {
            "name": "Ducati DesertX",
            "image": "images\\HW7431th.jpg"
          },
          {
            "name": "'20 Toyota Tacoma",
            "image": "images\\HW7437th.jpg"
          },
          {
            "name": "Car-de-Asada",
            "image": "images\\HW6695th.jpg"
          },
          {
            "name": "Volkswagen ID. Buzz",
            "image": "images\\HW7436th.jpg"
          },
          {
            "name": "Pagani Utopia",
            "image": "images\\HW7432th.jpg"
          },
          {
            "name": "'77 Pontiac Firebird",
            "image": "images\\HW7416th.jpg"
          },
          {
            "name": "'77 Pontiac Firebird",
            "image": "images\\HW6688th.jpg"
          },
          {
            "name": "Chevy Silverado",
            "image": "images\\HW7438th.jpg"
          },
          {
            "name": "Deora II",
            "image": "images\\HW7213th.jpg"
          }
        ]
      },
      {
        "letter": "M",
        "th": {
            "name": "Hot Wheels Ford Transit Connect",
            "image": "images\\HW6696th.jpg"
        },
        "sth": {
            "name": "'96 Nissan 180SX Type X",
            "image": "images\\HW6690th.jpg"
        },
        "cars": [
          {
            "name": "Max Steel",
            "image": "images\\HW7536th.jpg"
          },
          {
            "name": "Vespa 90 SS Super Sprint 1966",
            "image": "images\\HW7529th.jpg"
          },
          {
            "name": "'73 Honda Civic Custom",
            "image": "images\\HW7522th.jpg"
          },
          {
            "name": "'23 Ram 1500",
            "image": "images\\HW7533th.jpg"
          },
          {
            "name": "Corvette Stingray",
            "image": "images\\HW7537th.jpg"
          },
          {
            "name": "'57 Chevy",
            "image": "images\\HW7524th.jpg"
          },
          {
            "name": "Cadillac Project GTP Hypercar",
            "image": "images\\HW7530th.jpg"
          },
          {
            "name": "Ford Performance Supervan 4",
            "image": "images\\HW7523th.jpg"
          },
          {
            "name": "'68 Dodge Dart",
            "image": "images\\HW7535th.jpg"
          },
          {
            "name": "Hirohata Merc",
            "image": "images\\HW7528th.jpg"
          },
          {
            "name": "'90 Acura NSX",
            "image": "images\\HW7424th.jpg"
          },
          {
            "name": "Mercedes-Benz Unimog 1300L",
            "image": "images\\HW7425th.jpg"
          },
          {
            "name": "'16 Bugatti Chiron",
            "image": "images\\HW7534th.jpg"
          },
          {
            "name": "Toyota GR86 Cup",
            "image": "images\\HW7526th.jpg"
          },
          {
            "name": "'99 Ford F-150 SVT Lightning",
            "image": "images\\HW7532th.jpg"
          },
          {
            "name": "'96 Nissan 180SX Type X",
            "image": "images\\HW7417th.jpg"
          },
          {
            "name": "'96 Nissan 180SX Type X",
            "image": "images\\HW6690th.jpg"
          },
          {
            "name": "Nissan Skyline 2000GT-R LBWK",
            "image": "images\\HW7208th.jpg"
          },
          {
            "name": "'49 Drag Merc",
            "image": "images\\HW7209th.jpg"
          },
          {
            "name": "Hot Wheels Ford Transit Connect",
            "image": "images\\HW6696th.jpg"
          },
          {
            "name": "'92 Dodge Viper RT/10",
            "image": "images\\HW7525th.jpg"
          },
          {
            "name": "'67 Ford GT40 Mk.IV",
            "image": "images\\HW7531th.jpg"
          },
          {
            "name": "'91 GMC Syclone",
            "image": "images\\HW7527th.jpg"
          }
        ]
      },
      {
        "letter": "N",
        "th": {
            "name": "DMC DeLorean",
            "image": "images\\HW6697th.jpg"
        },
        "sth": {
            "name": "Celero GT",
            "image": "images\\HW6691th.jpg"
        },
        "cars": [
          {
            "name": "'67 Chevy C10",
            "image": "images\\HW7618th.jpg"
          },
          {
            "name": "Nissan Skyline GT-R BCNR33",
            "image": "images\\HW7210th.jpg"
          },
          {
            "name": "Pagani Zonda R",
            "image": "images\\HW7216th.jpg"
          },
          {
            "name": "'87 AUDI Quattro",
            "image": "images\\HW7588th.jpg"
          },
          {
            "name": "Custom '72 Chevy LUV",
            "image": "images\\HW7615th.jpg"
          },
          {
            "name": "Custom '72 Chevy LUV",
            "image": "images\\HW7590th.jpg"
          },
          {
            "name": "HW450F",
            "image": "images\\HW7587th.jpg"
          },
          {
            "name": "Porsche 911 Carrera",
            "image": "images\\HW7589th.jpg"
          },
          {
            "name": "BMW M3 Wagon",
            "image": "images\\HW7592th.jpg"
          },
          {
            "name": "Propper Chopper",
            "image": "images\\HW7617th.jpg"
          },
          {
            "name": "King 'Kuda",
            "image": "images\\HW7620th.jpg"
          },
          {
            "name": "Mazda RX-3",
            "image": "images\\HW7594th.jpg"
          },
          {
            "name": "'64 Chevy Chevelle SS",
            "image": "images\\HW7616th.jpg"
          },
          {
            "name": "Porsche 904 Carrera GTS",
            "image": "images\\HW7619th.jpg"
          },
          {
            "name": "McLaren P1",
            "image": "images\\HW7614th.jpg"
          },
          {
            "name": "'95 Mazda RX-7",
            "image": "images\\HW7217th.jpg"
          },
          {
            "name": "Porsche 911 Rallye",
            "image": "images\\HW7214th.jpg"
          },
          {
            "name": "Lamborghini Huracan Sterrato",
            "image": "images\\HW7591th.jpg"
          },
          {
            "name": "2016 Ford GT Race",
            "image": "images\\HW7211th.jpg"
          },
          {
            "name": "Celero GT",
            "image": "images\\HW7622th.jpg"
          },
          {
            "name": "Celero GT",
            "image": "images\\HW6691th.jpg"
          },
          {
            "name": "DMC DeLorean",
            "image": "images\\HW6697th.jpg"
          }
        ]
      },
      {
        "letter": "P",
        "th": {
            "name": "'59 Chevy Impala",
            "image": "images\\HW6698th.jpg"
        },
        "sth": {
            "name": "Lamborghini Huracan LP 620-2 Super Trofeo",
            "image": "images\\HW6692th.jpg"
        },
        "cars": [
          {
            "name": "MO-Stash",
            "image": "images\\HW7661th.jpg"
          },
          {
            "name": "Silverado EV RST",
            "image": "images\\HW7655th.jpg"
          },
          {
            "name": "'70 Dodge Charger",
            "image": "images\\HW7664th.jpg"
          },
          {
            "name": "Speed Bump",
            "image": "images\\HW7663th.jpg"
          },
          {
            "name": "Mailed It!",
            "image": "images\\HW7654th.jpg"
          },
          {
            "name": "McLaren P1",
            "image": "images\\HW7657th.jpg"
          },
          {
            "name": "Rink Racer",
            "image": "images\\HW7662th.jpg"
          },
          {
            "name": "'95 Mazda RX-7",
            "image": "images\\HW7658th.jpg"
          },
          {
            "name": "'69 Mercury Cougar Eliminator",
            "image": "images\\HW7219th.jpg"
          },
          {
            "name": "Honda S800 Racing",
            "image": "images\\HW7222th.jpg"
          },
          {
            "name": "Aston Martin DB4GT High-Speed Edition",
            "image": "images\\HW7546th.jpg"
          },
          {
            "name": "'94 Toyota Supra",
            "image": "images\\HW7656th.jpg"
          },
          {
            "name": "'59 Chevy Impala",
            "image": "images\\HW6698th.jpg"
          },
          {
            "name": "Toyota Supra",
            "image": "images\\HW7659th.jpg"
          },
          {
            "name": "Gordon Murray Automotive T50s",
            "image": "images\\HW7545th.jpg"
          },
          {
            "name": "Tesla Model S Plaid",
            "image": "images\\HW7653th.jpg"
          },
          {
            "name": "Lamborghini Huracan LP 620-2 Super Trofeo",
            "image": "images\\HW7652th.jpg"
          },
          {
            "name": "Lamborghini Huracan LP 620-2 Super Trofeo",
            "image": "images\\HW6692th.jpg"
          },
          {
            "name": "'17 Ford GT",
            "image": "images\\HW7660th.jpg"
          },
          {
            "name": "Dodge Viper SRT10 ACR",
            "image": "images\\HW7215th.jpg"
          },
          {
            "name": "LB-Silhouette WORKS GT Nissan 35GT-RR VER 2",
            "image": "images\\HW7206th.jpg"
          }
        ]
      },
      {
        "letter": "Q",
        "th": {
            "name": "Porsche 928 Safari",
            "image": "images\\HW6699th.jpg"
        },
        "sth": {
            "name": "'83 Chevy Silverado",
            "image": "images\\HW6693th.jpg"
        },
        "cars": [
          {
            "name": "Alfa Romeo GTV6 3.0",
            "image": "images\\HW8042th.jpg"
          },
          {
            "name": "'91 Mazda MX-5 Miata",
            "image": "images\\HW8037th.jpg"
          },
          {
            "name": "Shelby Cobra Daytona Coupe",
            "image": "images\\HW8044th.jpg"
          },
          {
            "name": "'96 Porsche Carrera",
            "image": "images\\HW7544th.jpg"
          },
          {
            "name": "'90 Acura NSX",
            "image": "images\\HW7595th.jpg"
          },
          {
            "name": "Bugatti Bolide",
            "image": "images\\HW8043th.jpg"
          },
          {
            "name": "Bumblebee",
            "image": "images\\HW8036th.jpg"
          },
          {
            "name": "'67 Lotus Type 49",
            "image": "images\\HW8038th.jpg"
          },
          {
            "name": "Track Dwagon",
            "image": "images\\images-coming-soon-200.png"
          },
          {
            "name": "1966 Triumph Tiger 100",
            "image": "images\\HW8046th.jpg"
          },
          {
            "name": "'92 BMW M3",
            "image": "images\\HW7221th.jpg"
          },
          {
            "name": "'20 Toyota Tacoma",
            "image": "images\\HW8105th.jpg"
          },
          {
            "name": "Porsche 911 Turbo 3.6  964",
            "image": "images\\HW7220th.jpg"
          },
          {
            "name": "Lamborghini Sesto Elemento",
            "image": "images\\HW7224th.jpg"
          },
          {
            "name": "'67 Ford GT40 Mk.IV",
            "image": "images\\HW7223th.jpg"
          },
          {
            "name": "VW T3 Custom",
            "image": "images\\HW7212th.jpg"
          },
          {
            "name": "McLaren F1",
            "image": "images\\HW8040th.jpg"
          },
          {
            "name": "'98 Subaru Impreza 22B-STi Version",
            "image": "images\\HW8041th.jpg"
          },
          {
            "name": "Porsche 928 Safari",
            "image": "images\\HW6699th.jpg"
          },
          {
            "name": "Tesla Cybertruck",
            "image": "images\\HW8045th.jpg"
          },
          {
            "name": "Hi-Roller II",
            "image": "images\\HW8039th.jpg"
          },
          {
            "name": "Dodge Van",
            "image": "images\\HW7207th.jpg"
          },
          {
            "name": "'83 Chevy Silverado",
            "image": "images\\HW7543th.jpg"
          },
          {
            "name": "'83 Chevy Silverado",
            "image": "images\\HW6693th.jpg"
          },
          {
            "name": "Ford Mustang Dark Horse",
            "image": "images\\HW7218th.jpg"
          }
        ]
      }
    ]
  }
}